,image_name,height,weight,BMI
0,John-Ritter.jpg,1.79,73.5565,22.95699363187742
1,Yves-Montand.jpg,1.81,73.59144,22.463123315361873
2,Andy-Williams.jpg,1.6600000000000001,70.27461,25.502472211771593
3,River-Phoenix.jpg,1.74,72.594604,23.977607508319295
4,Arthur-Penn.jpg,1.6400000000000001,69.35975,25.788127915055036
5,Joel-Coen.jpg,1.8,73.57397,22.708014499993972
6,Dr-Dre.jpg,1.79,73.5565,22.95699363187742
7,Ron-Howard.jpg,1.7,71.66042,24.795994214120622
8,Estelle-Parsons.jpg,1.58,67.67262,27.108084714254147
9,Rhys-Ifans.jpg,1.87,73.69621,21.07472697776736
10,Michael-J-Pollard.jpg,1.6500000000000001,69.792694,25.63551665447084
11,Fidel-Castro.jpg,1.78,73.469536,23.18821355499202
12,Alec-Guinness.jpg,1.71,71.89152,24.585861509237088
13,Yul-Brynner.jpg,1.68,71.192215,25.22399906668804
14,Gus-Van-Sant.jpg,1.72,72.12262,24.378927673372857
15,Stephen-Dorff.jpg,1.69,71.42933,25.009393550105752
16,Alexander-Lukashenko.jpg,1.8,73.57397,22.708014499993972
17,Matthew-Lewis.jpg,1.79,73.5565,22.95699363187742
18,Mark-Harmon.jpeg,1.8,73.57397,22.708014499993972
19,Bryan-Brown.jpg,1.82,73.608894,22.22222387034915
20,Faye-Dunaway.jpg,1.6300000000000001,68.94673,25.950066456164254
21,James-Hong.jpeg,1.72,72.12262,24.378927673372857
22,John-Huston.jpg,1.83,73.62636,21.985236355885977
23,Stanley-Kubrick.jpg,1.68,71.192215,25.22399906668804
24,Lee-J-Cobb.jpg,1.75,72.83401,23.782532983896683
25,Andy-Warhol.jpg,1.73,72.355194,24.175613649569605
26,Powers-Boothe.jpg,1.85,73.661285,21.522654609317932
27,Frank-Grillo.jpg,1.74,72.594604,23.977607508319295
28,James-Purefoy.jpg,1.82,73.608894,22.22222387034915
29,Cody-Rhodes.jpg,1.83,73.62636,21.985236355885977
30,Bob-Dylan.jpg,1.67,70.782486,25.380073133462677
31,Keith-David.jpg,1.81,73.59144,22.463123315361873
32,Olaf-Scholz.jpg,1.67,70.782486,25.380073133462677
33,Bob-Geldof.jpg,1.82,73.608894,22.22222387034915
34,Colin-Jost.jpg,1.77,73.29928,23.396622381588095
35,Bill-Burr.jpg,1.77,73.29928,23.396622381588095
36,John-Rhys-Davd.jpg,1.76,73.07341,23.590331235207803
37,JohnCReilly.jpg,1.86,73.67875,21.296898220740157
38,Michael-Palin.jpg,1.75,72.83401,23.782532983896683
39,Frankie-Valli.jpg,1.57,67.26859,27.29059711731618
40,Fred-Macmurray.jpg,1.84,73.64382,21.752073994656364
41,Warren-Frost.jpg,1.73,72.355194,24.175613649569605
42,Katharine-Hepburn.jpg,1.6300000000000001,68.94673,25.950066456164254
43,Albert-Hall.jpg,1.73,72.355194,24.175613649569605
44,Jeremy-Clarkson.jpg,1.9100000000000001,73.76607,20.220407199606043
45,Roger-Corman.jpg,1.79,73.5565,22.95699363187742
46,David-Hasselhoff.jpg,1.9000000000000001,73.748604,20.428976127645644
47,Joel-Grey.jpg,1.59,67.85719,26.841182308122328
48,Chris-Mulkey.jpg,1.83,73.62636,21.985236355885977
49,Stacy-Keach.jpg,1.74,72.594604,23.977607508319295
50,Raymond-Burr.jpg,1.8,73.57397,22.708014499993972
51,Albert-Finney.jpg,1.71,71.89152,24.585861509237088
52,Hugh-Hefner.jpg,1.69,71.42933,25.009393550105752
53,Jorge-Garcia.jpg,1.8,73.57397,22.708014499993972
54,Charlotte-Flair.jpg,1.73,72.355194,24.175613649569605
55,Luc-Besson.jpg,1.71,71.89152,24.585861509237088
56,Eric-Idle.jpg,1.79,73.5565,22.95699363187742
57,FForest-RIP.jpg,1.71,71.89152,24.585861509237088
58,David-Attenborough.jpg,1.71,71.89152,24.585861509237088
59,James-Mason.jpg,1.74,72.594604,23.977607508319295
60,Dirk-Bogarde.jpg,1.7,71.66042,24.795994214120622
61,Richard-Attenborough.jpg,1.62,68.61437,26.144784428219005
62,James-Fox.jpg,1.81,73.59144,22.463123315361873
63,Jack-Fox.jpg,1.8900000000000001,73.73114,20.640838760594256
64,Laurence-Fox.jpg,1.85,73.661285,21.522654609317932
65,Dan-Stevens.jpg,1.8,73.57397,22.708014499993972
66,Aaron-Eckhart.jpeg,1.77,73.29928,23.396622381588095
67,John-Heard.jpg,1.69,71.42933,25.009393550105752
68,Recep-Tayyip-Erdogan.jpg,1.83,73.62636,21.985236355885977
69,Gabriel-Byrne.jpg,1.71,71.89152,24.585861509237088
70,Edward-Fox.jpg,1.6600000000000001,70.27461,25.502472211771593
71,Freddie-Fox.jpg,1.75,72.83401,23.782532983896683
72,Sterling-Hayden.jpg,1.8900000000000001,73.73114,20.640838760594256
73,Scott-Glenn.jpg,1.78,73.469536,23.18821355499202
74,Justin-Theroux.jpg,1.76,73.07341,23.590331235207803
75,Harry-Melling1.jpg,1.75,72.83401,23.782532983896683
76,Omar-Sy.jpg,1.8800000000000001,73.71368,20.856065089587116
77,William-Hurt.jpg,1.82,73.608894,22.22222387034915
78,Bob-Saget.jpg,1.86,73.67875,21.296898220740157
79,Jerry-Lee-Lewis.jpg,1.71,71.89152,24.585861509237088
80,Jack-Nance.jpg,1.67,70.782486,25.380073133462677
81,James-Nesbitt.jpg,1.78,73.469536,23.18821355499202
82,Jim-Jarmusch.jpg,1.85,73.661285,21.522654609317932
83,Graham-McTavish.jpg,1.84,73.64382,21.752073994656364
84,Michael-Badalucco.jpg,1.6500000000000001,69.792694,25.63551665447084
85,Fred-Ward.jpg,1.7,71.66042,24.795994214120622
86,Emma-Thompson.jpg,1.71,71.89152,24.585861509237088
87,Nick-Stahl.jpg,1.76,73.07341,23.590331235207803
88,Dan-O-Herlihy.jpg,1.78,73.469536,23.18821355499202
89,Terry-Gilliam.jpg,1.72,72.12262,24.378927673372857
90,Peter-Facinelli.jpg,1.78,73.469536,23.18821355499202
91,John-Larroquette1.jpg,1.8900000000000001,73.73114,20.640838760594256
92,Shinzo-Abe.jpg,1.74,72.594604,23.977607508319295
93,Jimmi-Simpson.jpg,1.8,73.57397,22.708014499993972
94,Vincent-Cassel.jpg,1.81,73.59144,22.463123315361873
95,Emma-Stone.jpg,1.68,71.192215,25.22399906668804
96,John-Candy.jpg,1.84,73.64382,21.752073994656364
97,Derek-Jacobi.jpg,1.71,71.89152,24.585861509237088
98,Henry-Winkler.jpg,1.6400000000000001,69.35975,25.788127915055036
99,Everett-McGill.jpg,1.83,73.62636,21.985236355885977
100,Nikolaj-Baskov1.jpg,1.69,71.42933,25.009393550105752
101,Ben-Whishaw.jpg,1.75,72.83401,23.782532983896683
102,Josh-Hutcherson.jpg,1.6400000000000001,69.35975,25.788127915055036
103,Charles-Dance.jpg,1.87,73.69621,21.07472697776736
104,Randy-Quaid.jpg,1.95,73.83592,19.417731029904257
105,Rosemary-Harris.jpg,1.6,68.041985,26.578900218009945
106,Judi-Dench.jpg,1.53,64.86169,27.708012604785754
107,Marcelllo-Mastroianni.jpg,1.73,72.355194,24.175613649569605
108,Peter-Ustinov.jpg,1.71,71.89152,24.585861509237088
109,Julie-Andrews1.jpg,1.6600000000000001,70.27461,25.502472211771593
110,Colin-Morgan.jpg,1.82,73.608894,22.22222387034915
111,Roger-Waters.jpg,1.81,73.59144,22.463123315361873
112,Kenneth-Welsh.jpg,1.69,71.42933,25.009393550105752
113,Billy-Boyd.jpg,1.6300000000000001,68.94673,25.950066456164254
114,Spencer-Treat-Clark.jpg,1.79,73.5565,22.95699363187742
115,James-Gandolfini.jpg,1.8,73.57397,22.708014499993972
116,Hugh-Grant.jpg,1.77,73.29928,23.396622381588095
117,Bob-Newhart.jpg,1.62,68.61437,26.144784428219005
118,James_Rebhorn.jpg,1.86,73.67875,21.296898220740157
119,Tyler-Perry.jpg,1.94,73.81846,19.613789604933817
120,Steve-Martin.jpg,1.77,73.29928,23.396622381588095
121,Rod-Steiger.jpg,1.72,72.12262,24.378927673372857
122,Don-Murray.jpg,1.8,73.57397,22.708014499993972
123,Mick-Jagger.jpg,1.73,72.355194,24.175613649569605
124,Michael-Biehn.jpg,1.79,73.5565,22.95699363187742
125,Lance-Henriksen.jpg,1.71,71.89152,24.585861509237088
126,Corin-Redgrave1.jpg,1.81,73.59144,22.463123315361873
127,Lynn-Redgrave.jpg,1.74,72.594604,23.977607508319295
128,Tom-Skerritt.jpg,1.75,72.83401,23.782532983896683
129,Lee-Byung-Hun.jpg,1.73,72.355194,24.175613649569605
130,Billy-Bob-Thornton.jpg,1.76,73.07341,23.590331235207803
131,Anjelica-Huston.jpg,1.73,72.355194,24.175613649569605
132,Rutger-Hauer.jpg,1.78,73.469536,23.18821355499202
133,Liv-Tyler.jpg,1.72,72.12262,24.378927673372857
134,Russ-Tamblyn.jpg,1.7,71.66042,24.795994214120622
135,Greg-Kinnear.jpg,1.75,72.83401,23.782532983896683
136,EDDIE_GUERRERO.jpg,1.68,71.192215,25.22399906668804
137,Alexander-Vucic.jpg,1.97,73.87085,19.034463554684482
138,Ricky-Gervais.jpg,1.7,71.66042,24.795994214120622
139,Xi-Jinping.jpg,1.76,73.07341,23.590331235207803
140,Jose-Ferrer.jpg,1.71,71.89152,24.585861509237088
141,Gerard-Depardieu.jpg,1.74,72.594604,23.977607508319295
142,Damian-Lewis.jpg,1.83,73.62636,21.985236355885977
143,Norman-Jewison.jpg,1.6400000000000001,69.35975,25.788127915055036
144,Pat-Boone.jpg,1.72,72.12262,24.378927673372857
145,William-Baldwin.jpg,1.84,73.64382,21.752073994656364
146,George-Chakiris.jpg,1.73,72.355194,24.175613649569605
147,Rob-Knox.jpg,1.82,73.608894,22.22222387034915
148,Alfred-Molina.jpg,1.85,73.661285,21.522654609317932
149,Rita-Moreno.jpg,1.54,65.56423,27.64556918222238
150,Paul-Anka.jpg,1.6,68.041985,26.578900218009945
151,Rosemary-Clooney1.jpg,1.6300000000000001,68.94673,25.950066456164254
152,Ramzan-Kadyrov.jpg,1.75,72.83401,23.782532983896683
153,Richard-Chamberlain.jpg,1.78,73.469536,23.18821355499202
154,Quincy-Jones.jpg,1.6400000000000001,69.35975,25.788127915055036
155,Glen-Campbell.jpg,1.77,73.29928,23.396622381588095
156,Sean-Astin.jpg,1.6500000000000001,69.792694,25.63551665447084
157,Jason-Segel.jpg,1.9100000000000001,73.76607,20.220407199606043
158,Richard-Beymer.jpg,1.82,73.608894,22.22222387034915
159,Natalie-Wood.jpg,1.59,67.85719,26.841182308122328
160,Ashley-Judd.jpg,1.6600000000000001,70.27461,25.502472211771593
161,Ciaran-Hinds.jpg,1.79,73.5565,22.95699363187742
162,Miguel-Ferrer.jpg,1.8,73.57397,22.708014499993972
163,Jim-Sheridan.jpg,1.61,68.31894,26.356598591483493
164,Mike-Farrell.jpg,1.8800000000000001,73.71368,20.856065089587116
165,Roberet-Forster.jpg,1.75,72.83401,23.782532983896683
166,Nick-Cave.jpg,1.85,73.661285,21.522654609317932
167,Vanessa-Redgrave.jpg,1.68,71.192215,25.22399906668804
168,Pete-Postlethwaite.jpg,1.72,72.12262,24.378927673372857
169,Michael-Mann.jpg,1.67,70.782486,25.380073133462677
170,Jim-Broadbent.jpg,1.84,73.64382,21.752073994656364
171,Chris-Cooper.jpg,1.73,72.355194,24.175613649569605
172,David-Schwimmer.jpg,1.83,73.62636,21.985236355885977
173,Don-Henley.jpg,1.78,73.469536,23.18821355499202
174,Ed-Begley-JR.jpg,1.9000000000000001,73.748604,20.428976127645644
175,Lauren-Bacall.jpg,1.6500000000000001,69.792694,25.63551665447084
176,Scarlett-Johansson.jpg,1.62,68.61437,26.144784428219005
177,Matt-LeBlanc.jpg,1.76,73.07341,23.590331235207803
178,John-Savage.jpg,1.67,70.782486,25.380073133462677
179,Doug-Hutchison.jpg,1.6500000000000001,69.792694,25.63551665447084
180,PSorvino-Rip.jpg,1.86,73.67875,21.296898220740157
181,Michael-Clarke-Duncan.jpg,1.9100000000000001,73.76607,20.220407199606043
182,Michael-Jeter.jpg,1.62,68.61437,26.144784428219005
183,Jeffrey-DeMunn.jpg,1.7,71.66042,24.795994214120622
184,Ridley-Scott.jpg,1.68,71.192215,25.22399906668804
185,Sam-Waterston.jpg,1.83,73.62636,21.985236355885977
186,Harry-Dean-Stanton.jpg,1.69,71.42933,25.009393550105752
187,Timothy-Spall.jpg,1.68,71.192215,25.22399906668804
188,Emma-Watson.jpg,1.6300000000000001,68.94673,25.950066456164254
189,Fiona-Shaw.jpg,1.72,72.12262,24.378927673372857
190,Robbie-Coltrane-RIP.jpg,1.79,73.5565,22.95699363187742
191,Mark-Williams.jpg,1.8,73.57397,22.708014499993972
192,Ennio-Morricone.jpg,1.6300000000000001,68.94673,25.950066456164254
193,Sergio-Leone.jpg,1.7,71.66042,24.795994214120622
194,F-Murray-Abraham.jpg,1.72,72.12262,24.378927673372857
195,John-Cleese.jpg,1.92,73.78353,20.015063799089855
196,John-Lithgow.jpg,1.8800000000000001,73.71368,20.856065089587116
197,Jerry-Stiller.jpg,1.59,67.85719,26.841182308122328
198,Midge-Ure.jpg,1.6600000000000001,70.27461,25.502472211771593
199,Christopher-Lloyd.jpg,1.79,73.5565,22.95699363187742
200,Steve-MCQueen.jpg,1.76,73.07341,23.590331235207803
201,Paul-Thomas-Anderson.jpg,1.78,73.469536,23.18821355499202
202,Sophia-Loren.jpeg,1.6400000000000001,69.35975,25.788127915055036
203,Danny-Huston.jpg,1.84,73.64382,21.752073994656364
204,Ian-Holm.jpg,1.61,68.31894,26.356598591483493
205,Peter-Sellers.jpg,1.71,71.89152,24.585861509237088
206,Julie-Walters.jpg,1.56,66.75845,27.431974592842135
207,David-Bradley.jpg,1.73,72.355194,24.175613649569605
208,Eric-Roberts.jpg,1.74,72.594604,23.977607508319295
209,James-Garner.jpg,1.8,73.57397,22.708014499993972
210,David-Tennant.jpg,1.81,73.59144,22.463123315361873
211,Maggie-Smith.jpg,1.6,68.041985,26.578900218009945
212,Richard-Donner.jpg,1.8,73.57397,22.708014499993972
213,Alan-Alda.jpg,1.82,73.608894,22.22222387034915
214,Michael-Gambon1.jpg,1.75,72.83401,23.782532983896683
215,John-Cazale.jpg,1.77,73.29928,23.396622381588095
216,Chris-Columbus.jpg,1.71,71.89152,24.585861509237088
217,Stephen-Graham.jpg,1.62,68.61437,26.144784428219005
218,Richard-Harris.jpg,1.78,73.469536,23.18821355499202
219,Gabriel-Luna.jpg,1.8,73.57397,22.708014499993972
220,DWarner-Rip.jpg,1.83,73.62636,21.985236355885977
221,Andy-Serkis.jpeg,1.68,71.192215,25.22399906668804
222,James-Coburn.jpg,1.82,73.608894,22.22222387034915
223,John-Hurt.jpg,1.69,71.42933,25.009393550105752
224,Walter-Mondale.jpg,1.73,72.355194,24.175613649569605
225,Adam-Goldberg.jpg,1.79,73.5565,22.95699363187742
226,Jeremy-Davies.jpg,1.72,72.12262,24.378927673372857
227,Giovanni-Ribisi.jpg,1.7,71.66042,24.795994214120622
228,ChrisODonnell.jpg,1.76,73.07341,23.590331235207803
229,Ernest-Borgnine.jpg,1.7,71.66042,24.795994214120622
230,Paul-Giamatti.jpg,1.71,71.89152,24.585861509237088
231,Chris-Isaak.jpg,1.8,73.57397,22.708014499993972
232,John_Williams.jpg,1.73,72.355194,24.175613649569605
233,Robert-Mitchum.jpg,1.77,73.29928,23.396622381588095
234,Johnny-Carson.jpg,1.74,72.594604,23.977607508319295
235,Mykelti-Williamson.jpg,1.8800000000000001,73.71368,20.856065089587116
236,Tom-Selleck.jpg,1.87,73.69621,21.07472697776736
237,Dennis-Farina.jpg,1.81,73.59144,22.463123315361873
238,Jonathan-Pryce.jpg,1.8,73.57397,22.708014499993972
239,MS.jpg,1.6300000000000001,68.94673,25.950066456164254
240,image22.jpg,1.74,72.594604,23.977607508319295
241,Franco-Nero.jpg,1.72,72.12262,24.378927673372857
242,William-Shatner.jpg,1.71,71.89152,24.585861509237088
243,James-Stewart.jpg,1.82,73.608894,22.22222387034915
244,Jake-Busey.jpg,1.9000000000000001,73.748604,20.428976127645644
245,Bob-Odenkirk.jpg,1.75,72.83401,23.782532983896683
246,David-Carradine.jpg,1.77,73.29928,23.396622381588095
247,GeorgeHWBush.jpg,1.83,73.62636,21.985236355885977
248,Jason-Mewes.jpg,1.76,73.07341,23.590331235207803
249,Zack-Snyder.jpeg,1.7,71.66042,24.795994214120622
250,QueenRIP.jpg,1.49,63.797024,28.7361036769485
251,BrianDePalma.jpg,1.72,72.12262,24.378927673372857
252,Henry-Kissinger.jpg,1.6400000000000001,69.35975,25.788127915055036
253,Prince-Charles.jpg,1.74,72.594604,23.977607508319295
254,Daniel-Stern.jpg,1.8900000000000001,73.73114,20.640838760594256
255,John-Malkovich.jpg,1.77,73.29928,23.396622381588095
256,Leslie-Philips-RIP.jpg,1.68,71.192215,25.22399906668804
257,Lloyd-Bridges.jpg,1.76,73.07341,23.590331235207803
258,Norman-Lear.jpg,1.69,71.42933,25.009393550105752
259,Jack_Pallance.jpg,1.84,73.64382,21.752073994656364
260,Richard-Griffiths.jpg,1.73,72.355194,24.175613649569605
261,Mel-Brooks.jpg,1.6,68.041985,26.578900218009945
262,Ted-Danson.jpg,1.85,73.661285,21.522654609317932
263,Richard-Gere.jpg,1.76,73.07341,23.590331235207803
264,John-Goodman.jpg,1.81,73.59144,22.463123315361873
265,Daniel-Bruhl.jpg,1.74,72.594604,23.977607508319295
266,James-Phelps.jpg,1.86,73.67875,21.296898220740157
267,Oliver-Phelps.jpg,1.8800000000000001,73.71368,20.856065089587116
268,Bill-Campbell.jpg,1.9000000000000001,73.748604,20.428976127645644
269,Jennifer-Lopez.jpg,1.62,68.61437,26.144784428219005
270,Bob-Dole-RIP.jpg,1.8,73.57397,22.708014499993972
271,Cuba-Gooding-JR.jpg,1.76,73.07341,23.590331235207803
272,Brooke-Shields.jpg,1.75,72.83401,23.782532983896683
273,Timothee-Chalamet.jpg,1.75,72.83401,23.782532983896683
274,Stanley-Tucci.jpeg,1.71,71.89152,24.585861509237088
275,Marlon-Brando.jpg,1.69,71.42933,25.009393550105752
276,Gregory-Peck.jpg,1.83,73.62636,21.985236355885977
277,Stephen-Fry.jpg,1.93,73.800995,19.812879506308057
278,Phince-Prilip.jpg,1.77,73.29928,23.396622381588095
279,Betty-White-RIP.jpg,1.55,66.23282,27.568290781900362
280,Gorbachev-RIP.jpg,1.68,71.192215,25.22399906668804
281,Michael-Shannon.jpg,1.92,73.78353,20.015063799089855
282,Matthew-Broderick.jpg,1.72,72.12262,24.378927673372857
283,Wade-Barrett.jpg,1.97,73.87085,19.034463554684482
284,Diane-Keaton.jpg,1.6400000000000001,69.35975,25.788127915055036
285,James-Earl-Jones.jpg,1.77,73.29928,23.396622381588095
286,Kevin-Kline.jpg,1.83,73.62636,21.985236355885977
287,Karl-Malden.jpg,1.78,73.469536,23.18821355499202
288,Deontay-Wilder.jpg,1.98,73.88831,18.84713633645981
289,Rob-Reiner.jpg,1.84,73.64382,21.752073994656364
290,Carl-Reiner.jpg,1.75,72.83401,23.782532983896683
291,Elvis-Presley.jpg,1.79,73.5565,22.95699363187742
292,Asner-RIP.jpg,1.6600000000000001,70.27461,25.502472211771593
293,WalterMatthau.jpg,1.82,73.608894,22.22222387034915
294,JoePesci.jpg,1.58,67.67262,27.108084714254147
295,Elton-John.jpg,1.7,71.66042,24.795994214120622
296,Dean-Norris.jpg,1.68,71.192215,25.22399906668804
297,Hozier.jpg,1.95,73.83592,19.417731029904257
298,Tommy-Flanagan.jpg,1.8,73.57397,22.708014499993972
299,Jack-Lemmon.jpg,1.7,71.66042,24.795994214120622
300,Oliver-Stone.jpg,1.8,73.57397,22.708014499993972
301,David-Gilmour.jpg,1.77,73.29928,23.396622381588095
302,Emir-Kusturica.jpg,1.85,73.661285,21.522654609317932
303,LKRIP.jpg,1.69,71.42933,25.009393550105752
304,Jimmy-Carter.jpg,1.6600000000000001,70.27461,25.502472211771593
305,Ery-Celwes.jpg,1.76,73.07341,23.590331235207803
306,Joe-Biden.jpg,1.79,73.5565,22.95699363187742
307,David-Bowie.jpg,1.71,71.89152,24.585861509237088
308,Jane-Fonda.jpg,1.6500000000000001,69.792694,25.63551665447084
309,Gosha-Kutsenko.jpg,1.81,73.59144,22.463123315361873
310,Westam-Ad.jpg,1.77,73.29928,23.396622381588095
311,Wentworth-Miller.jpg,1.81,73.59144,22.463123315361873
312,Leonard-Nimoy.jpg,1.78,73.469536,23.18821355499202
313,Timothy-Dalton.jpg,1.83,73.62636,21.985236355885977
314,Djimon-Hounsou.jpg,1.85,73.661285,21.522654609317932
315,Charles-Memton.jpg,1.78,73.469536,23.18821355499202
316,Malcolm-Mcdowell.jpg,1.7,71.66042,24.795994214120622
317,Kelsey-Grammer.jpg,1.82,73.608894,22.22222387034915
318,AngelaLansbury-RIP.jpg,1.6300000000000001,68.94673,25.950066456164254
319,Joe-Dempsie.jpg,1.71,71.89152,24.585861509237088
320,Ray-Liotta-Rip.jpg,1.77,73.29928,23.396622381588095
321,Tom-Jones.jpg,1.73,72.355194,24.175613649569605
322,Aidan-Quinn.jpg,1.81,73.59144,22.463123315361873
323,Burt-Lancaster.jpg,1.79,73.5565,22.95699363187742
324,Alan-Arkin-RIP.jpg,1.72,72.12262,24.378927673372857
325,Kurt-Angle.jpg,1.77,73.29928,23.396622381588095
326,Zendaya.jpg,1.72,72.12262,24.378927673372857
327,Beau-Bridges.jpg,1.74,72.594604,23.977607508319295
328,Matthew-Perry.jpg,1.79,73.5565,22.95699363187742
329,Alain-Delon.jpg,1.73,72.355194,24.175613649569605
330,NormanLloydRIP.jpg,1.6300000000000001,68.94673,25.950066456164254
331,2018-08-04-332_67826-7_231087.jpg,1.82,73.608894,22.22222387034915
332,Tony-Curtis.jpg,1.71,71.89152,24.585861509237088
333,Bill-Paxton.jpg,1.8,73.57397,22.708014499993972
334,Steve-Carell.jpg,1.73,72.355194,24.175613649569605
335,Nikita-Mihalkov.jpg,1.79,73.5565,22.95699363187742
336,Eva-Marie-Saint.jpg,1.54,65.56423,27.64556918222238
337,William-Sadler.jpg,1.71,71.89152,24.585861509237088
338,Jaimie-Alexander.jpg,1.7,71.66042,24.795994214120622
339,Dennis-Haysbert.jpg,1.9000000000000001,73.748604,20.428976127645644
340,Mickey-Rooney.jpg,1.52,64.39758,27.87291508302134
341,Billy-Crystal.jpg,1.6600000000000001,70.27461,25.502472211771593
342,JosephGilgun.jpg,1.81,73.59144,22.463123315361873
343,Dominic-Cooper.jpg,1.76,73.07341,23.590331235207803
344,Dan-Aykroyd.jpg,1.8,73.57397,22.708014499993972
345,Bret-Hart.jpg,1.8,73.57397,22.708014499993972
346,Seth-Green.jpg,1.59,67.85719,26.841182308122328
347,Garrett-Hedlund.jpg,1.86,73.67875,21.296898220740157
348,Roman-Polanski.jpg,1.58,67.67262,27.108084714254147
349,Stephen-Lang.jpg,1.73,72.355194,24.175613649569605
350,James-Cameron.jpg,1.85,73.661285,21.522654609317932
351,Charlton-Heston.jpg,1.84,73.64382,21.752073994656364
352,Jason-Isaacs.jpg,1.78,73.469536,23.18821355499202
353,AKarelin.jpg,1.8800000000000001,73.71368,20.856065089587116
354,DickVanDyke.jpg,1.75,72.83401,23.782532983896683
355,James-Brolin.jpg,1.83,73.62636,21.985236355885977
356,Don-Rickles.jpg,1.6300000000000001,68.94673,25.950066456164254
357,Eli-Wallach.jpg,1.62,68.61437,26.144784428219005
358,Mac-Sethfaralane.jpg,1.77,73.29928,23.396622381588095
359,Kate-Winslet.jpg,1.6600000000000001,70.27461,25.502472211771593
360,Matt-Dillon.jpg,1.75,72.83401,23.782532983896683
361,Anthony-Joshua.jpg,1.98,73.88831,18.84713633645981
362,Tony_bennett-RIP.jpg,1.6500000000000001,69.792694,25.63551665447084
363,Cm-Punk.jpg,1.79,73.5565,22.95699363187742
364,Egor-Kreed.jpeg,1.82,73.608894,22.22222387034915
365,DJ-Smash.jpeg,1.79,73.5565,22.95699363187742
366,HalHolbrook-RIP.jpg,1.74,72.594604,23.977607508319295
367,Val-Kilmer.jpg,1.75,72.83401,23.782532983896683
368,Bruce-Dern.jpg,1.76,73.07341,23.590331235207803
369,BigCass.jpg,2.02,73.96313,18.126440333357138
370,Shartin-Meen.jpg,1.6600000000000001,70.27461,25.502472211771593
371,Robert-Wagner.jpg,1.75,72.83401,23.782532983896683
372,Andrew-Rannells.jpg,1.83,73.62636,21.985236355885977
373,AJ-Calloway.jpg,1.86,73.67875,21.296898220740157
374,Javier-Bardem.jpg,1.8,73.57397,22.708014499993972
375,Jay-Leno.jpeg,1.76,73.07341,23.590331235207803
376,Robert-Maillet.jpg,2.06,74.0389,17.447191602110202
377,Gary-Sinise.jpg,1.73,72.355194,24.175613649569605
378,James-Woods.jpg,1.78,73.469536,23.18821355499202
379,Margot-Robbie.jpg,1.6400000000000001,69.35975,25.788127915055036
380,The-Great-Khali.jpg,2.14,74.18415,16.19882756044213
381,Edward-Burns.jpg,1.8,73.57397,22.708014499993972
382,Nathan-Jones.jpeg,2.0300000000000002,73.98207,17.952891582627956
383,Keith-Carradine.jpg,1.82,73.608894,22.22222387034915
384,Martyn-Ford.jpg,2.0100000000000002,73.94418,18.302562646867493
385,Kim-Coates.jpg,1.83,73.62636,21.985236355885977
386,Tom-Sizemore-RIP.jpg,1.78,73.469536,23.18821355499202
387,Steven-Spielberg.jpg,1.69,71.42933,25.009393550105752
388,Harry-Belafonte-RIP.jpg,1.78,73.469536,23.18821355499202
389,Dennis-Hopper.jpg,1.6600000000000001,70.27461,25.502472211771593
390,joel-kinnaman.jpg,1.8900000000000001,73.73114,20.640838760594256
391,Gary-Busey.jpg,1.79,73.5565,22.95699363187742
392,Nat-Wolff.jpg,1.82,73.608894,22.22222387034915
393,Christopher-Plummer-RIP.jpg,1.73,72.355194,24.175613649569605
394,Lee-Ermey.jpg,1.78,73.469536,23.18821355499202
395,John_Carroll_Lynch.jpg,1.87,73.69621,21.07472697776736
396,NestorK.jpg,1.74,72.594604,23.977607508319295
397,Sergey-Bezrukov.jpeg,1.71,71.89152,24.585861509237088
398,Taylor-Lautner.jpeg,1.72,72.12262,24.378927673372857
399,Glenn_Jacobs.jpg,1.99,73.90629,18.662732796387125
400,Winston-Duke.jpg,1.98,73.88831,18.84713633645981
401,James-Cromwell.jpg,1.97,73.87085,19.034463554684482
402,Michael_Strahan.jpg,1.96,73.853386,19.224642317079596
403,moeller_ralph.jpg,1.95,73.83592,19.417731029904257
404,Blake-Shelton.jpg,1.94,73.81846,19.613789604933817
405,Tom-Brady.jpg,1.93,73.800995,19.812879506308057
406,Bill-O-Rielly.jpg,1.92,73.78353,20.015063799089855
407,Lee-Pace.jpg,1.9100000000000001,73.76607,20.220407199606043
408,Kevin-Nealon.jpg,1.9000000000000001,73.748604,20.428976127645644
409,John-Kerry.jpg,1.8900000000000001,73.73114,20.640838760594256
410,Adam-Copeland.jpg,1.8800000000000001,73.71368,20.856065089587116
411,Steven_Ogg.jpg,1.87,73.69621,21.07472697776736
412,Richard-Armitage.jpg,1.86,73.67875,21.296898220740157
413,Jon-Voight.jpg,1.85,73.661285,21.522654609317932
414,Jeff-Daniels.jpg,1.84,73.64382,21.752073994656364
415,Jai-Courtney.jpg,1.83,73.62636,21.985236355885977
416,Mamx-Vov-Sys.jpg,1.82,73.608894,22.22222387034915
417,DB-Weiss.jpg,1.81,73.59144,22.463123315361873
418,Danny-Aiello.jpg,1.8,73.57397,22.708014499993972
419,Kane-Hodder.jpg,1.86,73.67875,21.296898220740157
420,Tom-Felton.jpg,1.74,72.594604,23.977607508319295
421,Martin-Scorsese.jpg,1.57,67.26859,27.29059711731618
422,David-Benioff.jpg,1.87,73.69621,21.07472697776736
423,TonyChiba.jpg,1.69,71.42933,25.009393550105752
424,Scott-Caan.jpg,1.6500000000000001,69.792694,25.63551665447084
425,Francis-Ford-Coppola.jpg,1.73,72.355194,24.175613649569605
426,Sam-Worthington.jpg,1.74,72.594604,23.977607508319295
427,Dana-White.jpg,1.77,73.29928,23.396622381588095
428,Chevy-Chase.jpg,1.9000000000000001,73.748604,20.428976127645644
429,Roger-Moore.jpg,1.8,73.57397,22.708014499993972
430,Stisg.jpg,1.76,73.07341,23.590331235207803
431,Johnny-Cash.jpg,1.77,73.29928,23.396622381588095
432,Kirk-Douglas.jpg,1.6500000000000001,69.792694,25.63551665447084
433,Tom-Noonan.jpg,1.99,73.90629,18.662732796387125
434,Jeff-Fahey.jpg,1.8,73.57397,22.708014499993972
435,Andy-Garcia.jpg,1.73,72.355194,24.175613649569605
436,Tyson-Fury.jpg,2.0,73.92523,18.481307983398438
437,Olofmeister.jpeg,1.84,73.64382,21.752073994656364
438,John-Krasinski.jpg,1.86,73.67875,21.296898220740157
439,Kristanna-Loken.jpg,1.8,73.57397,22.708014499993972
440,Tom-Berenger.jpg,1.78,73.469536,23.18821355499202
441,Tom-Waits.jpg,1.77,73.29928,23.396622381588095
442,Ed-Harris.jpg,1.73,72.355194,24.175613649569605
443,Tilda-Swinton.jpg,1.76,73.07341,23.590331235207803
444,The-Undertaker.jpg,1.97,73.87085,19.034463554684482
445,Daniel_Day_Lewis.jpg,1.81,73.59144,22.463123315361873
446,Derek-Mears.jpg,1.94,73.81846,19.613789604933817
447,adam-driver.jpg,1.8900000000000001,73.73114,20.640838760594256
448,Hene-Gackman.jpg,1.82,73.608894,22.22222387034915
449,Tyler-Mane.jpg,2.02,73.96313,18.126440333357138
450,Nick-Nolte.jpg,1.79,73.5565,22.95699363187742
451,Uma-Thurman.jpg,1.79,73.5565,22.95699363187742
452,Rob-Zombie.jpg,1.74,72.594604,23.977607508319295
453,Colin-Hanks.jpg,1.85,73.661285,21.522654609317932
454,kenneth-branagh.jpg,1.75,72.83401,23.782532983896683
455,Vince-McMahon.jpg,1.8,73.57397,22.708014499993972
456,Matt-Smith.jpg,1.82,73.608894,22.22222387034915
457,Clifton-Collins.jpg,1.69,71.42933,25.009393550105752
458,Jennifer-Connelly.jpg,1.67,70.782486,25.380073133462677
459,Tom-Payne.jpg,1.6600000000000001,70.27461,25.502472211771593
460,Christopher-Reeve.jpg,1.8800000000000001,73.71368,20.856065089587116
461,Rupert-Grint.jpg,1.71,71.89152,24.585861509237088
462,Seth-Rollins.jpg,1.85,73.661285,21.522654609317932
463,Ian-McShane.jpg,1.67,70.782486,25.380073133462677
464,SigourneyWeaver.jpg,1.77,73.29928,23.396622381588095
465,Bill-Murray.jpg,1.84,73.64382,21.752073994656364
466,PeterFonda.jpg,1.8,73.57397,22.708014499993972
467,Post-Malone.jpg,1.83,73.62636,21.985236355885977
468,Adam_Baldwin.jpg,1.9100000000000001,73.76607,20.220407199606043
469,Danny-Glover.jpg,1.86,73.67875,21.296898220740157
470,Brock-Lesnar.jpg,1.8800000000000001,73.71368,20.856065089587116
471,Margaret-Qualley.jpg,1.7,71.66042,24.795994214120622
472,Donald-Sutherland.jpg,1.82,73.608894,22.22222387034915
473,Sergey-Lavrov.jpg,1.85,73.661285,21.522654609317932
474,Eric_Dane.jpg,1.84,73.64382,21.752073994656364
475,Don-Johnson.jpg,1.74,72.594604,23.977607508319295
476,Semen-Slepakov.jpg,1.96,73.853386,19.224642317079596
477,LeBronJames.jpg,2.0100000000000002,73.94418,18.302562646867493
478,Jonathan-Banks.jpg,1.72,72.12262,24.378927673372857
479,Harvey-Keitel.jpg,1.68,71.192215,25.22399906668804
480,Ross-Marquand.jpg,1.81,73.59144,22.463123315361873
481,Huh-Wew.jpg,1.87,73.69621,21.07472697776736
482,Vin-Diesel.jpg,1.78,73.469536,23.18821355499202
483,Braun_Strowman.jpg,1.99,73.90629,18.662732796387125
484,Ross-Butler.jpg,1.8900000000000001,73.73114,20.640838760594256
485,Warren-Beatty.jpg,1.82,73.608894,22.22222387034915
486,MickeyRourke.jpg,1.77,73.29928,23.396622381588095
487,WoodyAllen.jpeg,1.61,68.31894,26.356598591483493
488,Listopher-Cree.jpg,1.8800000000000001,73.71368,20.856065089587116
489,BenKingsley.jpg,1.7,71.66042,24.795994214120622
490,Drew-McIntyre.jpg,1.94,73.81846,19.613789604933817
491,Brian_Thompson.jpg,1.86,73.67875,21.296898220740157
492,Kris-Kristofferson.jpg,1.75,72.83401,23.782532983896683
493,Michael-Bay.jpg,1.84,73.64382,21.752073994656364
494,robbie-williams.jpg,1.79,73.5565,22.95699363187742
495,KurtCobain.jpg,1.72,72.12262,24.378927673372857
496,CourtneyLove.jpg,1.7,71.66042,24.795994214120622
497,IanMcKellen.jpg,1.76,73.07341,23.590331235207803
498,KevinOwens.jpg,1.78,73.469536,23.18821355499202
499,Newm-Paulman.jpg,1.73,72.355194,24.175613649569605
500,James-Caan-RIP.jpg,1.72,72.12262,24.378927673372857
501,Wobin-Rilliams.jpg,1.6600000000000001,70.27461,25.502472211771593
502,FleaRHCP.jpg,1.6500000000000001,69.792694,25.63551665447084
503,Chad-Smith.jpg,1.86,73.67875,21.296898220740157
504,Igor-Vernik.jpg,1.78,73.469536,23.18821355499202
505,Stephen-Amell.jpg,1.83,73.62636,21.985236355885977
506,Grant-Gustin.jpg,1.8,73.57397,22.708014499993972
507,Scott-Adkins.jpg,1.78,73.469536,23.18821355499202
508,Sidney-Poitier-RIP.jpg,1.85,73.661285,21.522654609317932
509,Frank-Langella.jpg,1.82,73.608894,22.22222387034915
510,Shawn-Ashmore.jpg,1.77,73.29928,23.396622381588095
511,Timothy-Olyphant.jpg,1.81,73.59144,22.463123315361873
512,George-Walker-Bush.jpg,1.79,73.5565,22.95699363187742
513,James-Caviezel.jpg,1.83,73.62636,21.985236355885977
514,Roman-Reigns.jpg,1.8800000000000001,73.71368,20.856065089587116
515,Monica-Bellucci.jpg,1.6600000000000001,70.27461,25.502472211771593
516,jim-morrison.jpeg,1.75,72.83401,23.782532983896683
517,RAy-Manzarek.jpg,1.84,73.64382,21.752073994656364
518,JohnDensmore.jpg,1.71,71.89152,24.585861509237088
519,RingoStarr.jpg,1.6500000000000001,69.792694,25.63551665447084
520,Robbie-Krieger.jpg,1.69,71.42933,25.009393550105752
521,Manson-.jpg,1.76,73.07341,23.590331235207803
522,Sheamus.jpg,1.9000000000000001,73.748604,20.428976127645644
523,BarryPepper.jpg,1.75,72.83401,23.782532983896683
524,BaronCorbin.jpg,1.98,73.88831,18.84713633645981
525,Dave-Franco.jpg,1.6500000000000001,69.792694,25.63551665447084
526,Alexander_nevSky.jpg,1.94,73.81846,19.613789604933817
527,Helena-Bonhem-Carter.jpg,1.57,67.26859,27.29059711731618
528,Robert_sheehAn.jpg,1.81,73.59144,22.463123315361873
529,Common.jpg,1.8,73.57397,22.708014499993972
530,Logan-Lerman.jpg,1.72,72.12262,24.378927673372857
531,Dwight-Howard.jpg,2.09,74.09574,16.962922385470264
532,Robert_Duvall.jpg,1.73,72.355194,24.175613649569605
533,Fatthew-MacMamadyen.jpg,1.8800000000000001,73.71368,20.856065089587116
534,Brancy-Clown.jpg,1.86,73.67875,21.296898220740157
535,FrankDarabont.jpg,1.8,73.57397,22.708014499993972
536,BigShow.jpg,2.08,74.0768,17.12204083888488
537,Ray_Stevenson-RIP.jpg,1.8900000000000001,73.73114,20.640838760594256
538,ChristopherWalken.jpg,1.79,73.5565,22.95699363187742
539,seth-rogen.jpg,1.78,73.469536,23.18821355499202
540,marjanovic.jpg,2.22,74.311424,15.078204742993888
541,James-Corden.jpg,1.71,71.89152,24.585861509237088
542,Domhnall-Gleeson.jpg,1.85,73.661285,21.522654609317932
543,Finn_Balor_Bio_07.jpg,1.76,73.07341,23.590331235207803
544,Glendan-Breeson.jpg,1.83,73.62636,21.985236355885977
545,the-miz.jpg,1.82,73.608894,22.22222387034915
546,CalvinHarris.jpg,1.97,73.87085,19.034463554684482
547,CharlieSheen22.jpeg,1.72,72.12262,24.378927673372857
548,Diane-Kruger.jpg,1.6400000000000001,69.35975,25.788127915055036
549,Dichael-Mouglas.jpg,1.7,71.66042,24.795994214120622
550,MatthewLillard.jpg,1.87,73.69621,21.07472697776736
551,BlakeLively.jpg,1.74,72.594604,23.977607508319295
552,DamonAlbarn.jpg,1.75,72.83401,23.782532983896683
553,Lude-Jaw.jpg,1.77,73.29928,23.396622381588095
554,Hosh-Jartnett.jpg,1.87,73.69621,21.07472697776736
555,Tom-Ellis-Wallpapers-HD.jpg,1.8900000000000001,73.73114,20.640838760594256
556,TomWelling.jpg,1.9000000000000001,73.748604,20.428976127645644
557,kevin-durand.jpg,1.93,73.800995,19.812879506308057
558,Wavid-Dehnam.jpg,1.78,73.469536,23.18821355499202
559,noah-schnapp.jpg,1.69,71.42933,25.009393550105752
560,viggo-mortensen.jpg,1.76,73.07341,23.590331235207803
561,Eremy-Jirons.jpg,1.83,73.62636,21.985236355885977
562,AmberHeard_.jpg,1.68,71.192215,25.22399906668804
563,Will-Poulter.jpg,1.85,73.661285,21.522654609317932
564,M-Keaton.jpg,1.73,72.355194,24.175613649569605
565,Tommy-Lee-Jones.jpg,1.79,73.5565,22.95699363187742
566,Nam-Seill.jpg,1.81,73.59144,22.463123315361873
567,Terry-OQuinn.jpg,1.83,73.62636,21.985236355885977
568,Ric-Flair.jpg,1.75,72.83401,23.782532983896683
569,walton-goggins.jpg,1.77,73.29928,23.396622381588095
570,ChrisODowd.jpg,1.8800000000000001,73.71368,20.856065089587116
571,Matthew-Fox.jpeg,1.84,73.64382,21.752073994656364
572,SeanPenn.jpg,1.71,71.89152,24.585861509237088
573,Gaten-Matarazzo.jpg,1.62,68.61437,26.144784428219005
574,VincentDOnofrio.jpg,1.92,73.78353,20.015063799089855
575,Titus.jpg,1.9100000000000001,73.76607,20.220407199606043
576,KendallJenner.jpg,1.72,72.12262,24.378927673372857
577,DaxShepard.jpg,1.86,73.67875,21.296898220740157
578,Dolph-Ziggler.jpg,1.79,73.5565,22.95699363187742
579,PobertRatrick.jpg,1.78,73.469536,23.18821355499202
580,Hethan-Wawke.jpg,1.76,73.07341,23.590331235207803
581,RandyOrton.jpg,1.92,73.78353,20.015063799089855
582,AdamLevine.jpg,1.8,73.57397,22.708014499993972
583,Chris-Jericho-HD-Wallpaper.jpg,1.77,73.29928,23.396622381588095
584,2_Melanie-Thierry.jpg,1.55,66.23282,27.568290781900362
585,AaronTaylorJohnson.jpg,1.78,73.469536,23.18821355499202
586,JoshHolloway.jpg,1.82,73.608894,22.22222387034915
587,DominicMonaghan.jpg,1.69,71.42933,25.009393550105752
588,EvangelineLilly.jpg,1.6300000000000001,68.94673,25.950066456164254
589,DanReynolds.jpg,1.9000000000000001,73.748604,20.428976127645644
590,HowardStern.jpg,1.96,73.853386,19.224642317079596
591,TheoJames.jpg,1.83,73.62636,21.985236355885977
592,AnselElgrot.jpg,1.87,73.69621,21.07472697776736
593,BruceCampbell.jpg,1.82,73.608894,22.22222387034915
594,16_Tony-Goldwyn.jpg,1.8,73.57397,22.708014499993972
595,BillPullman.jpg,1.83,73.62636,21.985236355885977
596,Lalec-Boobldwin.jpg,1.79,73.5565,22.95699363187742
597,Kevin_Nash.jpg,2.04,74.001015,17.781866279669515
598,BonJovi.jpg,1.74,72.594604,23.977607508319295
599,TripleH.jpg,1.86,73.67875,21.296898220740157
600,ColinFarrell.jpg,1.76,73.07341,23.590331235207803
601,JAA.jpg,1.67,70.782486,25.380073133462677
602,KellanLutz.jpg,1.83,73.62636,21.985236355885977
603,CaraDelevingne.jpg,1.7,71.66042,24.795994214120622
604,Pedro-Pascal-Red-Carpet.jpg,1.77,73.29928,23.396622381588095
605,WWE-Superstar-Stone-Cold.jpg,1.84,73.64382,21.752073994656364
606,BillyZane.jpg,1.81,73.59144,22.463123315361873
607,JeffGoldblum.jpg,1.8900000000000001,73.73114,20.640838760594256
608,Waul_Palker.jpg,1.85,73.661285,21.522654609317932
609,Ludacris.jpg,1.73,72.355194,24.175613649569605
610,Hulk-Hoooohgan.jpg,1.9000000000000001,73.748604,20.428976127645644
611,drrake.jpg,1.8,73.57397,22.708014499993972
612,Gal_Gadot.jpg,1.75,72.83401,23.782532983896683
613,Pac-Alino.jpg,1.6300000000000001,68.94673,25.950066456164254
614,Harden.jpg,1.95,73.83592,19.417731029904257
615,Sas-Sesiott.jpg,1.84,73.64382,21.752073994656364
616,Kareem_Abdul_Jabbar.jpg,2.13,74.16824,16.347780071900004
617,jack-nicholson-6283147-.jpg,1.74,72.594604,23.977607508319295
618,Thomas-Jane-LA-Noir.jpg,1.76,73.07341,23.590331235207803
619,Slater.jpg,1.71,71.89152,24.585861509237088
620,GuyPearce.jpg,1.77,73.29928,23.396622381588095
621,Taron_Egerton.jpg,1.75,72.83401,23.782532983896683
622,asa-butterfield.jpg,1.79,73.5565,22.95699363187742
623,ChazzPalminteri.jpg,1.85,73.661285,21.522654609317932
624,Vaughns-Vin.jpeg,1.94,73.81846,19.613789604933817
625,badyk5.jpg,1.86,73.67875,21.296898220740157
626,IgorJijikine.jpg,1.8800000000000001,73.71368,20.856065089587116
627,Chadwick-Boseman-Rip.jpg,1.8,73.57397,22.708014499993972
628,JCusack.jpg,1.87,73.69621,21.07472697776736
629,AlanRickman.jpg,1.82,73.608894,22.22222387034915
630,LukeEvans.jpg,1.81,73.59144,22.463123315361873
631,912a3f90-de94-11e6-8f78-9133dc9f1779_GettyImages-6.jpg,1.67,70.782486,25.380073133462677
632,larsmikkelsen.jpg,1.9000000000000001,73.748604,20.428976127645644
633,fond-ecran-wallpaper-image-ben-mckenzie-19.jpg,1.72,72.12262,24.378927673372857
634,Fedor.jpg,1.78,73.469536,23.18821355499202
635,GettyImages-685542094-1504215939.jpg,1.79,73.5565,22.95699363187742
636,Dad-Thewew.jpg,1.8900000000000001,73.73114,20.640838760594256
637,MilesRobbins.jpg,1.83,73.62636,21.985236355885977
638,Nathan_Fillion_wallpaper_pack.jpg,1.86,73.67875,21.296898220740157
639,Owen_Wilson_HD_pics.jpg,1.77,73.29928,23.396622381588095
640,DSCF0881.jpg,1.96,73.853386,19.224642317079596
641,EhYCdIqf3jajayVCd0SpUOUyURKNxLqZ.jpg,2.02,73.96313,18.126440333357138
642,AnntytHooh.jpg,1.74,72.594604,23.977607508319295
643,David-Duchovny-wall.jpg,1.81,73.59144,22.463123315361873
644,017c0ac3172f0a11d3e10946521e54c5.jpg,1.71,71.89152,24.585861509237088
645,matthew-modine.jpg,1.8800000000000001,73.71368,20.856065089587116
646,8aa5ce9ec366cc40e53bcdb1ab22c2e2.jpg,1.7,71.66042,24.795994214120622
647,gettyimages-628422842-e1486240149624.jpg,1.76,73.07341,23.590331235207803
648,54277625_340368483267656_481038412544185254_n.jpg,1.97,73.87085,19.034463554684482
649,fonds-ecran-adewale-akinnuoye-agbaje-19.jpg,1.85,73.661285,21.522654609317932
650,rexfeatures_8867553bi.jpg,1.9100000000000001,73.76607,20.220407199606043
651,2_Laurence-Fishburne.jpg,1.78,73.469536,23.18821355499202
652,276231-patrick-wilson-patrick-wilson.jpg,1.8,73.57397,22.708014499993972
653,maisie-williams-quotgame-of-thronesquot-season-6-p.jpg,1.51,64.15115,28.135236859985582
654,nintchdbpict000393372254.jpg,1.73,72.355194,24.175613649569605
655,EDsheeran.jpeg,1.72,72.12262,24.378927673372857
656,038.jpg,1.9100000000000001,73.76607,20.220407199606043
657,lena-headey.jpg,1.6600000000000001,70.27461,25.502472211771593
658,33192478-pd1.jpg,1.85,73.661285,21.522654609317932
659,GettyImages-463277624.jpg,1.77,73.29928,23.396622381588095
660,186911603.jpg,1.8900000000000001,73.73114,20.640838760594256
661,Dmitrij-Nagiev1.jpg,1.72,72.12262,24.378927673372857
662,Mamrtit-Freermam.jpg,1.69,71.42933,25.009393550105752
663,Michael-Cudlitz-has-been-left.jpg,1.83,73.62636,21.985236355885977
664,Strank0Morg.jpeg,1.85,73.661285,21.522654609317932
665,steven-yeun-1-.jpg,1.72,72.12262,24.378927673372857
666,paul-dano-wide-wallpaper-57576-59340-hd-wallpapers.jpg,1.81,73.59144,22.463123315361873
667,Bobert-Redrdford.jpg,1.75,72.83401,23.782532983896683
668,SAnek.jpg,1.8800000000000001,73.71368,20.856065089587116
669,3258738_2048_1152.jpg,1.9000000000000001,73.748604,20.428976127645644
670,Hayden-Christensen_01.jpg,1.81,73.59144,22.463123315361873
671,Kobe-Bryant-RIP-2020.jpg,1.98,73.88831,18.84713633645981
672,dl_u322948_005b.jpg,1.59,67.85719,26.841182308122328
673,Alexander-Ludwig.jpg,1.87,73.69621,21.07472697776736
674,gettyimages-629518728.jpg,1.84,73.64382,21.752073994656364
675,kirkorov-3.jpg,1.95,73.83592,19.417731029904257
676,sophie-turner-1-.jpg,1.73,72.355194,24.175613649569605
677,PaulRudd.jpg,1.75,72.83401,23.782532983896683
678,452058540.jpg,1.78,73.469536,23.18821355499202
679,nintchdbpict000243370667-e1465910390460.jpg,1.9100000000000001,73.76607,20.220407199606043
680,Owive-Clowen.jpg,1.85,73.661285,21.522654609317932
681,mahershalaaliaaa.jpg,1.86,73.67875,21.296898220740157
682,JDuh.jpg,1.9000000000000001,73.748604,20.428976127645644
683,g_47beef9c6ffd0515ab360f355c5034b3_2_1400x1100.jpg,1.82,73.608894,22.22222387034915
684,162951.jpg,1.74,72.594604,23.977607508319295
685,VVp.jpg,1.68,71.192215,25.22399906668804
686,Josh-B.jpg,1.76,73.07341,23.590331235207803
687,130348.f4bc7911-9fa3-42a2-b10d-0508750dc645.jpg,1.86,73.67875,21.296898220740157
688,big_startfilmru1408108-1-.jpg,1.92,73.78353,20.015063799089855
689,b691e12de568cb2bfc750994ddc6614c15a4ac8a.jpg,1.6600000000000001,70.27461,25.502472211771593
690,joseph-gordon-levitt.jpg,1.74,72.594604,23.977607508319295
691,DaMtMsnX0AA-JBQ.jpg,1.83,73.62636,21.985236355885977
692,61e4a780-6ccd-11e7-93f5-b3ad0448b36d_AP_1705803006.jpg,1.79,73.5565,22.95699363187742
693,Toter-OPeele.jpg,1.81,73.59144,22.463123315361873
694,Spevin-Kacey.jpg,1.75,72.83401,23.782532983896683
695,00-DSC_8592.jpg,1.8,73.57397,22.708014499993972
696,JimBeam.jpeg,1.77,73.29928,23.396622381588095
697,HuhLood.jpg,1.84,73.64382,21.752073994656364
698,donnie-yen.jpg,1.7,71.66042,24.795994214120622
699,9dbb35239b6c100d47c633baf1bf0471.jpeg,1.8900000000000001,73.73114,20.640838760594256
700,garik-martirosjan.jpg,1.82,73.608894,22.22222387034915
701,18b3f8a7350800ceb213374d88284771.jpg,1.6400000000000001,69.35975,25.788127915055036
702,Kyk-Machaah.jpg,1.78,73.469536,23.18821355499202
703,1433048447_1.jpg,1.81,73.59144,22.463123315361873
704,Hat-Jamesfield.jpg,1.84,73.64382,21.752073994656364
705,Lel.jpg,1.75,72.83401,23.782532983896683
706,Lauren-Cohan-wallpaper-pack.jpg,1.67,70.782486,25.380073133462677
707,gettyimages-805404468-1524766414.jpg,1.82,73.608894,22.22222387034915
708,5b0d0a39baaace421e0ffe850385b6ad.jpg,1.9100000000000001,73.76607,20.220407199606043
709,tom-cruise.jpg,1.69,71.42933,25.009393550105752
710,12_Chiwetel-Ejiofor.jpg,1.76,73.07341,23.590331235207803
711,gordo2n2.jpg,1.85,73.661285,21.522654609317932
712,000_l806e.c3ea9085937.original.jpg,1.75,72.83401,23.782532983896683
713,Will-Arnett-1.jpg,1.87,73.69621,21.07472697776736
714,699962730d07a8b9ab05a724d8bd3339.jpg,1.78,73.469536,23.18821355499202
715,maxresde4fault.jpg,1.86,73.67875,21.296898220740157
716,5AeOxaWJVCXaCVwXxqdhd64yfjy6u54eujm.jpg,1.83,73.62636,21.985236355885977
717,David-Lynch-1496155482.jpg,1.75,72.83401,23.782532983896683
718,Hark-Mamill.jpg,1.7,71.66042,24.795994214120622
719,david-morrissey.jpg,1.8800000000000001,73.71368,20.856065089587116
720,Civil-War-Premiere-SebastianStanSpain_com-1.jpg,1.79,73.5565,22.95699363187742
721,1527065228_yuri-kolokolnikov.jpg,1.92,73.78353,20.015063799089855
722,belgaimage-104874666-full.jpg,1.86,73.67875,21.296898220740157
723,ewan-mcgregor-via-getty-images-2019.jpg,1.74,72.594604,23.977607508319295
724,igor-akinfeev-russland-confed-cup-2017_h3w703mh8vt.jpg,1.86,73.67875,21.296898220740157
725,eb25146f-b150-4bc2-8d1f-f1b93fd0b9af.jpeg,1.84,73.64382,21.752073994656364
726,0318_gots3premiere_72.jpg,1.76,73.07341,23.590331235207803
727,Irdrirs-Lelba.jpg,1.87,73.69621,21.07472697776736
728,carey-mulligan-dementia-alzheimers-ambassador.jpg,1.6400000000000001,69.35975,25.788127915055036
729,Q5MA8msP1jXuQUCVHqJz0vhpAjp.jpg,1.82,73.608894,22.22222387034915
730,Bevin-Cacon.jpg,1.77,73.29928,23.396622381588095
731,misha.jpg,1.6300000000000001,68.94673,25.950066456164254
732,7775220400_michael-madsen.jpg,1.83,73.62636,21.985236355885977
733,la-et-mg-joe-manganiello-labels-magic-mike-xxl-sof.jpg,1.93,73.800995,19.812879506308057
734,JAYZZZ.jpg,1.84,73.64382,21.752073994656364
735,TWR-COVER-Nicole-Kidman-02-1950x12991.jpg,1.77,73.29928,23.396622381588095
736,Nor-Chucckis.jpg,1.72,72.12262,24.378927673372857
737,Schnei0Robder.jpg,1.6300000000000001,68.94673,25.950066456164254
738,69cca585b82038a4584b6d997b97a0b5.jpeg,1.8900000000000001,73.73114,20.640838760594256
739,Dud-Hoh.jpeg,1.6500000000000001,69.792694,25.63551665447084
740,837680124.jpg,1.8900000000000001,73.73114,20.640838760594256
741,naom_5b4db19fb4085.jpg,1.73,72.355194,24.175613649569605
742,Dave-Bautista-6.jpg,1.8800000000000001,73.71368,20.856065089587116
743,QUQU.jpg,1.8,73.57397,22.708014499993972
744,Con-Seannery.jpg,1.83,73.62636,21.985236355885977
745,fullsize2.jpg,2.0,73.92523,18.481307983398438
746,Raniel-Dadcliffe.jpg,1.62,68.61437,26.144784428219005
747,Zaz-Gaaag.jpg,1.7,71.66042,24.795994214120622
748,kane.jpg,1.8800000000000001,73.71368,20.856065089587116
749,Caicl-Maine.jpg,1.83,73.62636,21.985236355885977
750,Hideo-Kojija.jpg,1.72,72.12262,24.378927673372857
751,Gigdt.jpg,1.74,72.594604,23.977607508319295
752,e00e1b52-6f1e-11e2-ac5d-d6df0ac8a66d.jpg,1.74,72.594604,23.977607508319295
753,GettyImages-108080946.jpg,1.71,71.89152,24.585861509237088
754,MamBabJoj.jpg,1.78,73.469536,23.18821355499202
755,ASAAND.jpg,1.76,73.07341,23.590331235207803
756,MAli.jpg,1.84,73.64382,21.752073994656364
757,img_60931.jpg,1.6500000000000001,69.792694,25.63551665447084
758,cannes10mai_01_0.jpg,1.8,73.57397,22.708014499993972
759,saoirse-ronan-30137-2880x1800.jpg,1.62,68.61437,26.144784428219005
760,SJ-Kikmons.jpg,1.77,73.29928,23.396622381588095
761,Brer-Frar.jpg,1.86,73.67875,21.296898220740157
762,kevin_sorbo.jpg,1.87,73.69621,21.07472697776736
763,nolan.jpg,1.79,73.5565,22.95699363187742
764,Kekvin-Cocstner.jpg,1.82,73.608894,22.22222387034915
765,norman-reedus-db2df3f5f4b55234.jpg,1.75,72.83401,23.782532983896683
766,l5n6RGpMhEQ.jpg,1.68,71.192215,25.22399906668804
767,cb4b9ecad918f7edf90ed4ea15436ad7.jpg,1.94,73.81846,19.613789604933817
768,9bd5815cf1e593fd803577a6194238ee.jpg,1.79,73.5565,22.95699363187742
769,Phric-Cratt.jpg,1.87,73.69621,21.07472697776736
770,ulybka-kate-beckinsale.jpg,1.68,71.192215,25.22399906668804
771,005aa2bfa696702b8ce8395840e75892.jpg,1.9000000000000001,73.748604,20.428976127645644
772,6166.jpg,1.71,71.89152,24.585861509237088
773,Eddie-MMM.jpg,1.75,72.83401,23.782532983896683
774,Falph-Riennes.jpg,1.77,73.29928,23.396622381588095
775,keira-knightley-british-actress-movie-stars-beauti.jpg,1.6500000000000001,69.792694,25.63551665447084
776,75.jpg,1.96,73.853386,19.224642317079596
777,52c649afd89539d553e0149a06a81e89.jpg,1.97,73.87085,19.034463554684482
778,Joj-Pheph.jpg,1.7,71.66042,24.795994214120622
779,LiamNeeson.jpg,1.8800000000000001,73.71368,20.856065089587116
780,Pierce-Brosnan-2014-pierce-brosnan-40682133-3600-2.jpg,1.83,73.62636,21.985236355885977
781,Reric-Banana.jpg,1.84,73.64382,21.752073994656364
782,IMG_40861.jpg,1.79,73.5565,22.95699363187742
783,b7b977305438579c2cd8855f5a87beb8.jpg,1.93,73.800995,19.812879506308057
784,AnnihilationPremiere-008.jpg,1.72,72.12262,24.378927673372857
785,Gave-Drohl.jpg,1.8,73.57397,22.708014499993972
786,noonY-Joxville.jpg,1.8,73.57397,22.708014499993972
787,Pol_Makkartni.jpg,1.74,72.594604,23.977607508319295
788,Rob-Timmins.jpg,1.92,73.78353,20.015063799089855
789,Chlol-Grar-Mom.jpg,1.62,68.61437,26.144784428219005
790,jackie_earl_haley-sag_indie_brunch-getty-h-2016.jpg,1.6600000000000001,70.27461,25.502472211771593
791,ArmieHammer111.jpeg,1.9100000000000001,73.76607,20.220407199606043
792,wp3112031.jpg,1.7,71.66042,24.795994214120622
793,tramp16.jpeg,1.85,73.661285,21.522654609317932
794,ben-stiller.jpg,1.69,71.42933,25.009393550105752
795,Hih-Lel.jpg,1.8,73.57397,22.708014499993972
796,Christian-Bale.jpg,1.8,73.57397,22.708014499993972
797,1410459691_1407586452_1398385383_003_andrei_arlovs.jpg,1.93,73.800995,19.812879506308057
798,da5f47b4-a722-49bf-8d8a-2f06b19e8236.jpg,1.71,71.89152,24.585861509237088
799,ufo-sighting-alien-skull-spotted-on-the-surface-of.jpg,1.71,71.89152,24.585861509237088
800,14_Melanie-Laurent.jpg,1.57,67.26859,27.29059711731618
801,LiamCun.jpeg,1.78,73.469536,23.18821355499202
802,kristofer-hivju-1.jpg,1.78,73.469536,23.18821355499202
803,GettyImages-644698826.jpg,1.8,73.57397,22.708014499993972
804,shutterstock_9472676be.jpg,1.81,73.59144,22.463123315361873
805,Vinnie-Jones-Mugshot.jpg,1.85,73.661285,21.522654609317932
806,ac8a8d9f6178968937df82a39e4dc200.jpg,1.92,73.78353,20.015063799089855
807,Batt-Momer.jpg,1.78,73.469536,23.18821355499202
808,PaulBettany.jpg,1.8800000000000001,73.71368,20.856065089587116
809,Stellan-Skkks.jpg,1.87,73.69621,21.07472697776736
810,f5eef5dc0de27bc8289dfb8c309811d9.jpg,1.76,73.07341,23.590331235207803
811,Deter-Pinklage.jpg,1.33,64.439865,36.42934315806698
812,Woody-2Harrelson.jpg,1.75,72.83401,23.782532983896683
813,Trooooth.jpg,1.68,71.192215,25.22399906668804
814,KRussell.jpg,1.76,73.07341,23.590331235207803
815,Ashton-Kutcher-Wallpapers.jpg,1.86,73.67875,21.296898220740157
816,Wiw-Dad.jpg,1.69,71.42933,25.009393550105752
817,Tom_Hiddleston.jpg,1.85,73.661285,21.522654609317932
818,shutterstock_187457168.jpg,1.6600000000000001,70.27461,25.502472211771593
819,michael-pena-james-bond-chiwetel-ejiofor.jpg,1.7,71.66042,24.795994214120622
820,koljan.jpg,1.85,73.661285,21.522654609317932
821,2.33573244.jpg,1.9100000000000001,73.76607,20.220407199606043
822,996113_1438082400.jpg,1.9000000000000001,73.748604,20.428976127645644
823,Iain-Genl.jpg,1.79,73.5565,22.95699363187742
824,rexfeatures_8436401gh-1.jpg,1.84,73.64382,21.752073994656364
825,Ryan-Hurst.jpg,1.95,73.83592,19.417731029904257
826,Hane-Deaan.jpg,1.73,72.355194,24.175613649569605
827,Statric-Pewart.jpg,1.72,72.12262,24.378927673372857
828,Men_Male_Celebrity_Famous_Actor_Zac_Efron_058192_.jpg,1.74,72.594604,23.977607508319295
829,ykuily.jpg,2.0300000000000002,73.98207,17.952891582627956
830,Charlize-Theron.jpg,1.74,72.594604,23.977607508319295
831,Geoffrey-Rush.jpg,1.78,73.469536,23.18821355499202
832,ustv-thomas-kretschmann.jpg,1.72,72.12262,24.378927673372857
833,CEvans.jpg,1.81,73.59144,22.463123315361873
834,Joel-Edgerton.jpeg,1.79,73.5565,22.95699363187742
835,Pon-Rerlman.jpg,1.81,73.59144,22.463123315361873
836,Nicolas-Cace.jpg,1.79,73.5565,22.95699363187742
837,Keanu-Reeves-Wick.jpg,1.82,73.608894,22.22222387034915
838,labeouf.jpg,1.74,72.594604,23.977607508319295
839,NHoult.jpg,1.86,73.67875,21.296898220740157
840,a1cbde6f060d25ac00f8418bf57d0a94.jpg,2.14,74.18415,16.19882756044213
841,Doop-Snogg.jpg,1.92,73.78353,20.015063799089855
842,Joj-Ceca.jpg,1.83,73.62636,21.985236355885977
843,HUHNamC.jpg,1.8,73.57397,22.708014499993972
844,RPattinson.jpg,1.81,73.59144,22.463123315361873
845,JamieFoxxmain.jpg,1.77,73.29928,23.396622381588095
846,SaamsRorkwew.jpg,1.71,71.89152,24.585861509237088
847,Bandonio-Anteras.jpg,1.72,72.12262,24.378927673372857
848,JimjCacrey.jpg,1.83,73.62636,21.985236355885977
849,elajdzha_vud_akter_litso_ulybka_kostyum_109594_144.jpg,1.6500000000000001,69.792694,25.63551665447084
850,James-McAvoy.jpg,1.7,71.66042,24.795994214120622
851,d2d826e30487f79e7acd29c6736d28b8.jpg,1.77,73.29928,23.396622381588095
852,JBlack.jpg,1.69,71.42933,25.009393550105752
853,fi.jpg,1.78,73.469536,23.18821355499202
854,Wuce-Brillis.jpg,1.78,73.469536,23.18821355499202
855,Dohnny-Jepp.jpg,1.73,72.355194,24.175613649569605
856,HenryCavilWitcher.jpg,1.82,73.608894,22.22222387034915
857,JaredLeeto.jpg,1.75,72.83401,23.782532983896683
858,Stephen-King-for-desktop-background.jpg,1.85,73.661285,21.522654609317932
859,ENort.jpg,1.8,73.57397,22.708014499993972
860,Rary-Lolman.jpeg,1.72,72.12262,24.378927673372857
861,1581.jpg,1.73,72.355194,24.175613649569605
862,David-Morse.jpg,1.8900000000000001,73.73114,20.640838760594256
863,Stormar-Petere.jpg,1.85,73.661285,21.522654609317932
864,047.jpg,1.81,73.59144,22.463123315361873
865,MRapaport.jpg,1.84,73.64382,21.752073994656364
866,2019Men_Male_Celebrity_Stylish_male_actor_Christop.jpg,1.7,71.66042,24.795994214120622
867,Folin-Cirth.jpeg,1.84,73.64382,21.752073994656364
868,Mark-Ruffalo.jpg,1.69,71.42933,25.009393550105752
869,prince-harry-preview.jpg,1.87,73.69621,21.07472697776736
870,2dd6433f-df6a-4fc4-a933-357a7fc3527e.jpg,1.78,73.469536,23.18821355499202
871,TSCHW.jpg,1.75,72.83401,23.782532983896683
872,RReynolds.jpg,1.86,73.67875,21.296898220740157
873,MJF.jpg,1.62,68.61437,26.144784428219005
874,maxnewsfrthree318311.jpg,1.8,73.57397,22.708014499993972
875,BradPiptpp.jpg,1.77,73.29928,23.396622381588095
876,Dwayne-Johnson.jpg,1.87,73.69621,21.07472697776736
877,Pres-BillClinton.jpg,1.81,73.59144,22.463123315361873
878,fedor.jpg,1.82,73.608894,22.22222387034915
879,BDT.jpg,1.83,73.62636,21.985236355885977
880,Karl-Urban-Wallpapers.jpg,1.83,73.62636,21.985236355885977
881,141130-barack-obama-jms-2018_77d8d2ecae194a0123be4.jpg,1.85,73.661285,21.522654609317932
882,ZQ.jpg,1.82,73.608894,22.22222387034915
883,Bridge-Jeffress.jpg,1.8,73.57397,22.708014499993972
884,GeorgeClooney.jpg,1.77,73.29928,23.396622381588095
885,NPH1973.jpg,1.81,73.59144,22.463123315361873
886,Miles-Teller-for-desktop.jpg,1.84,73.64382,21.752073994656364
887,Metallicas-Lars-Ulrich.jpg,1.6500000000000001,69.792694,25.63551665447084
888,MattDamon.jpg,1.76,73.07341,23.590331235207803
889,Jeffrey-Dean-Morgan-Wallpapers.jpg,1.82,73.608894,22.22222387034915
890,BAffleck.jpg,1.86,73.67875,21.296898220740157
891,RussellCrowe.jpg,1.77,73.29928,23.396622381588095
892,GerardButler.jpg,1.85,73.661285,21.522654609317932
893,WilllllSMith.jpg,1.84,73.64382,21.752073994656364
894,Wewsez-Shahington.jpg,1.8,73.57397,22.708014499993972
895,Daniel-Craig.jpg,1.78,73.469536,23.18821355499202
896,Liev.jpg,1.85,73.661285,21.522654609317932
897,Jugh-Hahman.jpg,1.84,73.64382,21.752073994656364
898,jgj.jpg,1.82,73.608894,22.22222387034915
899,KHart-1.jpg,1.6,68.041985,26.578900218009945
900,Mark-Wahlberg1.jpg,1.71,71.89152,24.585861509237088
901,Bobdenin.jpg,1.7,71.66042,24.795994214120622
902,WillFerrell.jpg,1.87,73.69621,21.07472697776736
903,111278.jpg,1.7,71.66042,24.795994214120622
904,actor-jacket-hair-Person-Channing-Tatum-man-look-h.jpg,1.82,73.608894,22.22222387034915
905,Farrison-Hord.jpg,1.79,73.5565,22.95699363187742
906,PrayerBeforeDawnPhotocall70thAnnualCannesU_k3ikAvl.jpg,1.77,73.29928,23.396622381588095
907,1479728864_5832dee0c8d49.jpg,1.72,72.12262,24.378927673372857
908,GettyImages-527984656.jpg,1.75,72.83401,23.782532983896683
909,evansshaun13.jpg,1.73,72.355194,24.175613649569605
910,cillian-murphy-180226.jpg,1.71,71.89152,24.585861509237088
911,GettyImages-505000852.jpg,1.75,72.83401,23.782532983896683
912,chris-pine.jpg,1.83,73.62636,21.985236355885977
913,jj-abrams.jpg,1.7,71.66042,24.795994214120622
914,JeremyRenner.jpg,1.73,72.355194,24.175613649569605
915,justin-timberlake-cannes-color-2016-billboard-1548.jpg,1.82,73.608894,22.22222387034915
916,East-Cliltwoow.jpg,1.81,73.59144,22.463123315361873
917,kenwatanabe_201602110658090.jpg,1.82,73.608894,22.22222387034915
918,LeonardoDicaprio.jpg,1.79,73.5565,22.95699363187742
919,Hankss.jpg,1.82,73.608894,22.22222387034915
920,RyanGosling.jpg,1.82,73.608894,22.22222387034915
921,Bradley-Cooper.jpg,1.83,73.62636,21.985236355885977
922,Tike-Myson.jpg,1.77,73.29928,23.396622381588095
923,Antony-Mackie.jpg,1.78,73.469536,23.18821355499202
924,g_81beef58a5d678dba38fe1dfaf09a0c1_2_1400x1100.jpg,1.6300000000000001,68.94673,25.950066456164254
925,Matthew-McConaughey.jpg,1.78,73.469536,23.18821355499202
926,ROR-DOW_JRJ.jpg,1.72,72.12262,24.378927673372857
927,Samuel-L-Jackson-scaled.jpg,1.84,73.64382,21.752073994656364
928,Gwyneth-Paltrow1.jpg,1.75,72.83401,23.782532983896683
929,Tobey-Maguire.jpg,1.72,72.12262,24.378927673372857
930,str2_aygoldenglobes_stallone_angelin.jpg,1.73,72.355194,24.175613649569605
931,Forgan-Mreeman.jpg,1.85,73.661285,21.522654609317932
932,Jimmy-Fallon.jpg,1.8,73.57397,22.708014499993972
933,JasonStathamattendsphotocallExpendablesR1qyvwiExJj.jpg,1.8800000000000001,73.71368,20.856065089587116
934,ice-cube-feb-2016-billboard-1548.jpg,1.73,72.355194,24.175613649569605
935,tjtk.jpg,1.77,73.29928,23.396622381588095
936,JStatham.jpg,1.75,72.83401,23.782532983896683
937,JaredPadalecki.jpg,1.93,73.800995,19.812879506308057
938,wp1976264.jpg,1.7,71.66042,24.795994214120622
939,b2d7d456.jpg,1.81,73.59144,22.463123315361873
940,Actor-Andy-Samberg-Photos-81201672.jpg,1.74,72.594604,23.977607508319295
941,James-Franco-desktop-background.jpg,1.78,73.469536,23.18821355499202
942,6868214.jpg,1.77,73.29928,23.396622381588095
943,conormcgregor-cropped_1hbvksfee6ein1kz6hol9sna9t.jpg,1.75,72.83401,23.782532983896683
944,Floyd-Mayweather.jpg,1.7,71.66042,24.795994214120622
945,lionel-messi-barcelona-champions-league-2016_1klnl.jpg,1.69,71.42933,25.009393550105752
946,Cristiano-Ronaldo-Wallpaper-15.jpg,1.85,73.661285,21.522654609317932
947,_Barcelona_Neymar_049288_.jpg,1.74,72.594604,23.977607508319295
948,gerard-pique-1517308918.jpg,1.94,73.81846,19.613789604933817
949,2017-04-20_13-46-38_01.jpg,1.82,73.608894,22.22222387034915
950,turjngf.jpg,1.78,73.469536,23.18821355499202
951,na-repera-50-cent-podali-v-sud-iz-za-publikacii-v-.jpg,1.83,73.62636,21.985236355885977
952,Climila-Elarke.jpg,1.55,66.23282,27.568290781900362
953,Kimmelll.jpg,1.8,73.57397,22.708014499993972
954,22754521-01.jpg,1.83,73.62636,21.985236355885977
955,la-et-st-bryan-cranston-interview-20160518-snap.jpg,1.78,73.469536,23.18821355499202
956,1797784_1920x1080x500.jpg,1.73,72.355194,24.175613649569605
957,devid-bekhem-hochet-postroit-akterskuju-kareru-1-.jpg,1.8,73.57397,22.708014499993972
958,Arnold-Schrazenegger-boss.jpg,1.8,73.57397,22.708014499993972
959,Jean-Claude-Van-Damme-Hollywood-Celebrities-Wallpa.png,1.77,73.29928,23.396622381588095
960,PremiereSonyPicturesGhostbustersArrivalsCRDGV9wI8F.jpg,1.57,67.26859,27.29059711731618
961,JakeGyllenhaaaaaaaaaaaaaaal.jpg,1.8,73.57397,22.708014499993972
